{
    "road": 3.3631505966186523,
    "sidewalk": 14.040769577026367,
    "building": 4.985981464385986,
    "wall": 39.26169967651367,
    "fence": 36.521663665771484,
    "pole": 32.897422790527344,
    "traffic light": 46.284793853759766,
    "traffic sign": 40.688865661621094,
    "vegetation": 6.695742130279541,
    "terrain": 33.56584548950195,
    "sky": 18.460206985473633,
    "person": 32.978851318359375,
    "rider": 47.6774787902832,
    "car": 12.707045555114746,
    "truck": 45.20758819580078,
    "bus": 45.784969329833984,
    "train": 45.82681655883789,
    "motorcycle": 48.40745162963867,
    "bicycle": 42.75995635986328,
    "ignore": 0.0
}